{"cameraMode":{"drawMode":0,"name":"Shaded","section":"Shading Mode"},"sceneLighting":false,"audioPlay":false,"sceneViewState":{"showFog":true,"showMaterialUpdate":false,"showSkybox":false,"showFlares":true,"showImageEffects":true,"showParticleSystems":true},"in2DMode":false,"pivot":{"x":-5.005814075469971,"y":1.9154889583587647,"z":5.363803386688232},"rotation":{"x":-0.3094513416290283,"y":-0.06213368475437164,"z":0.020272091031074525,"w":-0.9486773610115051},"size":4.319288730621338,"orthographic":false}